governorate;name_en;name_ar;address_en;address_ar;lat;lon;rating;user_ratings_total;phone;website;types;opening_hours;slug;fajr_iqama;dhuhr_iqama;asr_iqama;maghrib_iqama;isha_iqama;image1;address_mawaqit;city;zipcode;jumuah_times
Tunis;Kasbah Mosque;جامع القصبة;2 Rue du 2 Mars 1934, Tunis 1000, Tunisia;2 Rue du 2 Mars 1934, Tunis 1000، تونس;36.7965854;10.1676911;4.6;111.0;+216 71 566 962;;establishment, mosque, place_of_worship, point_of_interest, tourist_attraction;;jamii-lqasba-tunis-1008-tunisia;20;10;10;8;10;https://cdn.mawaqit.net/images/backend/mosque/52171941-63a8-42dd-8ff3-c9e11863667a/mosque/1ef60893-3851-6d04-bcdf-0e4a41cdad45.jpg;شارع باب منارة;تونس;1008;13:00
Tunis;Qods Mosque;جامع القدس .;R59H+WMF, Rue de Jerusalem, Jeanne d'Arc, Tunisia;R59H+WMF, Rue de Jerusalem, Jeanne d'Arc, تونس;36.8198031;10.1791653;4.7;82.0;;;establishment, mosque, place_of_worship, point_of_interest, tourist_attraction;;jamii-lqods-lbelveder-tunis-1002-tunisia;30;13:00;10;10;10;https://cdn.mawaqit.net/images/backend/mosque/3d52051d-c28f-4825-ab3a-9279cc0cb00a/mosque/1ef54379-a160-6a1e-a32a-0600dbafaeef.jpg;نهج القدس;تونس;1002;12:35
Tunis;Ain Zaghouan Mosque;جامع الإخلاص عين زغوان;V72M+RG9 Mosquée Ain Zaghouan, Avenue Habib Bourguiba, Tunis, Tunisia;V72M+RG9 Mosquée Ain Zaghouan, Avenue Habib Bourguiba, Tunis, تونس;36.8560833;10.2821101;4.7;94.0;+216 55 248 489;;establishment, mosque, place_of_worship, point_of_interest;Monday: Open 24 hours, Tuesday: Open 24 hours, Wednesday: Open 24 hours, Thursday: Open 24 hours, Friday: Open 24 hours, Saturday: Open 24 hours, Sunday: Open 24 hours;jamii-lkhlass-ain-zaghouan-tunis-2045-tunisia;20;0;10;10;10;https://cdn.mawaqit.net/images/backend/mosque/a8c77256-3439-47ca-a153-ad7be485987e/mosque/1efcb6f7-5325-6b08-9ca6-06bada7b305f.jpg;عين زغوان;تونس;2045;15:00
Tunis;Bilal Mosque;جامع بلال;Mosqué Bilel, Tunis, Tunisia;Mosqué Bilel, Tunis, تونس;36.7698971;10.1863033;4.5;40.0;;;establishment, mosque, place_of_worship, point_of_interest;;bilel-jm-bll-blwrdy-tunis-1009-tunisia;25;12:40;10;10;10;https://cdn.mawaqit.net/images/backend/mosque/51d0e86f-5142-44ce-bd55-0c0a29566878/mosque/1eea8eb1-1d40-6dec-908d-066ed47a7584.jpg;Rue Herthoma Ibn Aayon;TUNIS;1009;13:00
Tunis;Ibrahim Al Khalil Mosque;جامع إبراهيم الخليل;R4PR+X2G, Tunis, Tunisia;R4PR+X2G، تونس، تونس;36.8374462;10.1400676;4.8;56.0;;;establishment, mosque, place_of_worship, point_of_interest;;jm-brhym-lkhlyl-tunis-2092-tunisia;30;13:00;10;10;10;https://cdn.mawaqit.net/images/backend/mosque/62b30978-acbc-4c14-95c5-711089d60a02/mosque/1efca0a8-0a58-6606-948c-0e61b0058d45.jpg;rue habiba Hssouna;TUNIS;2092;13:00
Tunis;Sidi Mansour Mosque;جامع منصور;Q5QG+X7G, Rue Sidi Mansour, Tunis, Tunisia;Q5QG+X7G, Rue Sidi Mansour, Tunis, تونس;36.7899402;10.1756913;4.1;8.0;+216 52 440 813;;establishment, mosque, place_of_worship, point_of_interest, tourist_attraction;;jamii-sidi-mansour-tunis-1008-tunisia;30;13:00;10;10;10;https://cdn.mawaqit.net/images/backend/mosque/cafb4d67-1338-45e9-bfc6-489b9a765e5c/mosque/1eef5968-64a8-6e74-8027-0621eb7171ad.jpg;نهج سيدي منصور  - سيدي البشير;تونس;1008;12:40
Tunis;Ettakwa Mosque - Cité Olympique;جامع التقوى - الحي الأولمبي;R5PV+XP9, Tunis, Tunisia;R5PV+XP9، تونس، تونس;36.8374177;10.1943613;4.5;11.0;;;establishment, mosque, place_of_worship, point_of_interest;;masjid-attakwa-cite-olympique-1003-tunisia;25;12:45;10;7;10;https://cdn.mawaqit.net/images/backend/mosque/e9d7d3ed-83b8-45c8-beef-c185927c450f/mosque/1eea8e59-9805-6652-8f05-066ed47a7584.jpg;Rue Abderrahmen El Ghariani;Cité-Olympique;1003;12:45
Tunis;Al Omran Mosque;جامع;Rue Pass. Tarak, Tunis, Tunisia;Rue Pass. Tarak, Tunis, تونس;36.8181832;10.1669561;4.8;16.0;;;establishment, mosque, place_of_worship, point_of_interest;;jamii-loomran-tunis-1005-tunisia;20;20;10;10;10;https://cdn.mawaqit.net/images/backend/mosque/9fa409db-2a7a-4341-a601-8bf6eb77efc9/mosque/1eea8eca-5182-6e98-9b44-066ed47a7584.jpg;Rue Pass. Tarak, Tunis;تونس;1005;12:45
Tunis;Attawba Mosque;جامع التوبة;R5HV+H35, Av. Louis Braille, Tunis, Tunisia;R5HV+H35، شارع لويس براي، تونس، تونس;36.8288842;10.1927402;4.6;30.0;;;establishment, mosque, place_of_worship, point_of_interest;;masjid-ltawba-cite-el-khadhra-1003-tunisia;30;13:00;10;10;10;https://cdn.mawaqit.net/images/backend/mosque/bdf0ef69-3bed-4fe4-b36c-82c8df6190ab/mosque/1eea8e62-4e8d-6016-8beb-066ed47a7584.jpg;شارع لويس براي;Cité-El-Khadhra;1003;12:45
Tunis;جامع ابن الجزّار;جامع ابن الجزّار;R4F9+9G6, Tunis, Tunisia;R4F9+9G6، تونس، تونس;36.8234124;10.1187534;4.4;21.0;;;establishment, mosque, place_of_worship, point_of_interest;;jamii-bn-ljazar-bardo-2009-tunisia;35;15;10;10;10;https://cdn.mawaqit.net/images/backend/mosque/ba62b22d-6a43-42d9-a778-f344521fff24/mosque/1eec8d81-5de6-6e70-98dd-0ede686d7942.jpg;قصر سعيد 2;BARDO;2009;13:30
Tunis;Falah Mosque;جامع الفلاح - العمران الأعلى;R4RH+Q9F, X3, Tunis, Tunisia;R4RH+Q9F, X3, Tunis, تونس;36.841932;10.128407;4.8;29.0;;;establishment, mosque, place_of_worship, point_of_interest;Monday: Open 24 hours, Tuesday: Open 24 hours, Wednesday: Open 24 hours, Thursday: Open 24 hours, Friday: Open 24 hours, Saturday: Open 24 hours, Sunday: Open 24 hours;jamii-lfalah-loumranl-tunis-1065-tunisia;30;13:00;10;10;10;https://cdn.mawaqit.net/images/backend/mosque/009d52c3-f722-41eb-b9ec-d66957e8999c/mosque/1eed5fc6-1f69-607c-ab11-0ede686d7942.jpeg;نهج 6020;تونس;1065;13:00
Tunis;El Omrane Mosque;جامع العمران;V5JJ+863, Ariana, Tunisia;V5JJ+863، أريانة، تونس;36.880753;10.1805562;4.8;22.0;;;establishment, mosque, place_of_worship, point_of_interest;;masjid-loumran-aryana-2083-tunisia;30;13:00;12;12;12;https://cdn.mawaqit.net/images/backend/mosque/be632fdd-06a6-4321-a359-acc9ffb47a09/mosque/1eea8eca-a201-63a6-aa6d-066ed47a7584.jpg;Rue de l'epis;اريانة;2083;12:45
Ariana;Mosquée Les Jasmins;جامع الياسمين;Mosquée Ariana, Mosquée Ariana Rue des Jasmins, 13 Rue des Jasmins, Ariana, Tunisia;Mosquée Ariana, Mosquée Ariana Rue des Jasmins, 13 Rue des Jasmins, Ariana, تونس;36.8529222;10.1823779;4.7;23.0;;;establishment, mosque, place_of_worship, point_of_interest;;mosquee-les-jasmins-ariana-2080-tunisia;10;13:00;10;6;8;https://cdn.mawaqit.net/images/backend/mosque/f46f9afa-c612-43f2-8c36-92f20130d6d5/mosque/1eedadf4-e3ef-60b4-a701-0a7eba2dd6b3.jpg;Rue les Jasmins;ARIANA;2080;14:00
Ariana;El Omrane Mosque;جامع العمران;V5JJ+863, Ariana, Tunisia;V5JJ+863، أريانة، تونس;36.880753;10.1805562;4.8;22.0;;;establishment, mosque, place_of_worship, point_of_interest;;masjid-loumran-aryana-2083-tunisia;30;13:00;12;12;12;https://cdn.mawaqit.net/images/backend/mosque/be632fdd-06a6-4321-a359-acc9ffb47a09/mosque/1eea8eca-a201-63a6-aa6d-066ed47a7584.jpg;Rue de l'epis;اريانة;2083;12:45
Ariana;Khair Mosque;جامع الخير;Mosquée Al Khayr, Cebalat Ben Ammar, Tunisia;جامع الخير، سبالة بن عمار، تونس;36.9010057;10.186273;4.8;35.0;;;establishment, mosque, place_of_worship, point_of_interest;Monday: 2:30 AM – 10:30 PM, Tuesday: 2:30 AM – 10:30 PM, Wednesday: 2:30 AM – 10:30 PM, Thursday: 2:30 AM – 10:30 PM, Friday: 2:30 AM – 10:30 PM, Saturday: 2:30 AM – 10:30 PM, Sunday: 2:30 AM – 10:30 PM;khyr-tunis;30;12:45;10;10;10;https://cdn.mawaqit.net/images/backend/mosque/1d5501cb-39d5-4515-a09f-199109b6b7d6/mosque/1eea8de2-773d-6cfc-9986-066ed47a7584.jfif;اريانة الصغرى تونس;تونس;2083;13:00
Ariana;جامع النور;جامع النور;Mosquée ENNOUR, Ariana, Tunisia;جامع النور، أريانة، تونس;36.859663;10.1992004;4.9;10.0;;;establishment, mosque, place_of_worship, point_of_interest;;mosquee-ennour-ariana-ariana-2080-tunisia;30;13:00;12;10;12;https://cdn.mawaqit.net/images/backend/mosque/67186f86-4cb9-4dc5-a0e4-609d762bdf06/mosque/1eea8e64-5e20-6e90-9f49-066ed47a7584.jpg;Rue de Aïn Draham,Cité Ettamir, Ariana,;Ariana;2080;12:40
Ariana;جامع الملك;جامع الملك;V54F+X23, Ariana, Tunisia;V54F+X23، أريانة، تونس;36.8573782;10.1725517;;;;;establishment, mosque, place_of_worship, point_of_interest;;mosquee-almolk-aryana-2037-tunisia;30;13:00;15;10;15;https://cdn.mawaqit.net/images/backend/mosque/d8a9e6c4-afb7-4884-a03d-dcaab067cb90/mosque/1eea8e8a-42b2-6f3e-a1eb-066ed47a7584.jpg;عــ 20 ــدد نهج صور المنزه الثامن;أريانة;2037;13:00
Ariana;Mosquée El Takwa;جامع التقوى;V6F5+RW8, Ariana, Tunisia;V6F5+RW8، أريانة، تونس;36.8745434;10.2098153;4.3;12.0;;;establishment, mosque, place_of_worship, point_of_interest;;mosquee-el-takwa-ariana-2073-tunisia;25;13:00;10;10;10;https://cdn.mawaqit.net/images/backend/mosque/178263c9-e650-41aa-953d-8731298ffe2c/mosque/1ef7e1eb-a8e0-65a6-835f-0600dbafaeef.jpg;Borj Louzir;ARIANA;2073;13:00
Ariana;Ibrahim Al Khalil Mosque;جامع إبراهيم الخليل;R4PR+X2G, Tunis, Tunisia;R4PR+X2G، تونس، تونس;36.8374462;10.1400676;4.8;56.0;;;establishment, mosque, place_of_worship, point_of_interest;;jm-brhym-lkhlyl-tunis-2092-tunisia;30;13:00;10;10;10;https://cdn.mawaqit.net/images/backend/mosque/62b30978-acbc-4c14-95c5-711089d60a02/mosque/1efca0a8-0a58-6606-948c-0e61b0058d45.jpg;rue habiba Hssouna;TUNIS;2092;13:00
Ariana;Sobh Mosque;جامع الصبح;35 Av. Hedi Karray, Tunis, Tunisia;35 شارع هادي الكراي، تونس، تونس;36.8485882;10.1949091;4.7;33.0;;;establishment, mosque, place_of_worship, point_of_interest;;masjid-lsobh-tunis-1082-tunisia;25;12:50;10;10;10;https://cdn.mawaqit.net/images/backend/mosque/b9e19b8d-9db0-4741-aa09-f1d902003414/mosque/1ef0857d-9196-6200-b33c-0a382b7256a1.jpeg;المركز العمراني الشمالي;تونس;1082;12:45
Ariana;Ettakwa Mosque - Cité Olympique;جامع التقوى - الحي الأولمبي;R5PV+XP9, Tunis, Tunisia;R5PV+XP9، تونس، تونس;36.8374177;10.1943613;4.5;11.0;;;establishment, mosque, place_of_worship, point_of_interest;;masjid-attakwa-cite-olympique-1003-tunisia;25;12:45;10;7;10;https://cdn.mawaqit.net/images/backend/mosque/e9d7d3ed-83b8-45c8-beef-c185927c450f/mosque/1eea8e59-9805-6652-8f05-066ed47a7584.jpg;Rue Abderrahmen El Ghariani;Cité-Olympique;1003;12:45
Ariana;Qods Mosque;جامع القدس .;R59H+WMF, Rue de Jerusalem, Jeanne d'Arc, Tunisia;R59H+WMF, Rue de Jerusalem, Jeanne d'Arc, تونس;36.8198031;10.1791653;4.7;82.0;;;establishment, mosque, place_of_worship, point_of_interest, tourist_attraction;;jamii-lqods-lbelveder-tunis-1002-tunisia;30;13:00;10;10;10;https://cdn.mawaqit.net/images/backend/mosque/3d52051d-c28f-4825-ab3a-9279cc0cb00a/mosque/1ef54379-a160-6a1e-a32a-0600dbafaeef.jpg;نهج القدس;تونس;1002;12:35
Ben Arous;Mosquée El Mostawsaf;حي المستوصف;Q648+4PG, Ben Arous, Tunisia;Q648+4PG، بن عروس، تونس;36.7553181;10.2168131;5.0;4.0;;;establishment, mosque, place_of_worship, point_of_interest;;jm-lmstwsf-bn-rws-2013-tunisia;30;13:00;12;10;12;https://cdn.mawaqit.net/images/backend/mosque/395cdc80-b63a-428f-989c-ed54c9e8fc72/mosque/1f011822-c7f0-6b32-ba22-06bdda781935.jpeg;نهج جمال الدين الأفغاني;بن عروس;2013;12:45
Ben Arous;مسجد بن عروس;مسجد بن عروس;Q648+4G8, Ben Arous, Tunisia;Q648+4G8، بن عروس، تونس;36.7552858;10.2163138;3.7;3.0;;;establishment, mosque, place_of_worship, point_of_interest;;jm-lmstwsf-bn-rws-2013-tunisia;30;13:00;12;10;12;https://cdn.mawaqit.net/images/backend/mosque/395cdc80-b63a-428f-989c-ed54c9e8fc72/mosque/1f011822-c7f0-6b32-ba22-06bdda781935.jpeg;نهج جمال الدين الأفغاني;بن عروس;2013;12:45
Ben Arous;Mosquée Ennour جامع النور;جامع النور;Q78C+8V3, Rades, Tunisia;Q78C+8V3، رادس، تونس;36.76575090000001;10.2721613;4.5;14.0;;;establishment, mosque, place_of_worship, point_of_interest;;jamii-sidi-bnour-rades-2040-tunisia;30;12:45;10;10;10;https://cdn.mawaqit.net/images/backend/mosque/eef1a2d4-dcaf-4499-acd2-6d97c13c18ea/mosque/1eef01cd-4f95-6bf6-a9c4-0621eb7171ad.jpg;Q78C+8V3, Radès;رادس;2040;12:45
Ben Arous;Mosquée Sidi Rezig;جامع سيدي رزيق;Q68X+GC8, Mégrine, Tunisia;Q68X+GC8، مقرين، تونس;36.7662862;10.2485849;4.2;13.0;;;establishment, mosque, place_of_worship, point_of_interest;;jamii-sidi-rziq-mqrin-2033-tunisia;0;0;10;10;10;https://cdn.mawaqit.net/images/backend/mosque/eae95524-9bdd-4099-9fa8-0a0e3d242634/mosque/1eea8edb-1283-6416-b376-066ed47a7584.jpg;نهج عبد العزيز الثعالبي ,سيدي رزيق;مقرين;2033;15:15
Ben Arous;جامع يوسف الصدّيق;جامع يوسف الصدّيق;P67C+VGH, El Mourouj, Tunisia;P67C+VGH، المروج، تونس;36.7146814;10.2213482;4.6;5.0;;;establishment, mosque, place_of_worship, point_of_interest;Monday: Open 24 hours, Tuesday: Open 24 hours, Wednesday: Open 24 hours, Thursday: Open 24 hours, Friday: Open 24 hours, Saturday: Open 24 hours, Sunday: Open 24 hours;jm-lsdwyq-lmrwj-4-el-mourouj-2074-tunisia;30;13:00;10;10;10;https://cdn.mawaqit.net/images/backend/mosque/67659682-d596-4516-a446-161ccd9838b1/mosque/1f02d319-7ba9-6a68-869c-0ac08f730885.jpg;El Mourouj 4, El Mourouj, Tunisie;EL MOUROUJ;2074;12:45
Ben Arous;Mosquée Errahma جامع الرحمة;جامع الرحمة;P6Q5+VJP, El Mourouj, Tunisia;P6Q5+VJP، المروج، تونس;36.73970449999999;10.2090692;4.4;17.0;;;establishment, mosque, place_of_worship, point_of_interest;;jm-lrhm-lmrwj-1-bn-rws-2074-tunisia;30;13:00;10;10;10;;نهج مدنين المروج 1 بن عروس تونس;بن-عروس;2074;13:00
Ben Arous;جامع الرياض المروج 2;جامع الرياض المروج 2;P5QW+PHM, Rue El Mourouj, Tunis, Tunisia;P5QW+PHM, Rue El Mourouj, Tunis, تونس;36.7393317;10.1964237;4.3;19.0;;;establishment, mosque, place_of_worship, point_of_interest;;arryiadh-mosque-tunis-1074-tunisia;30;13:00;13;10;13;https://cdn.mawaqit.net/images/backend/mosque/08567dd1-1050-460b-ab65-ee76f382ecfe/mosque/1eea8ebb-1bdf-6a20-a9f2-066ed47a7584.jpg;38 Rue Arrawabi, Mourouj 2;TUNIS;1074;13:00
Ben Arous;جامع فاطمة الزهراء المروج الرابع;جامع فاطمة الزهراء المروج الرابع;P669+X2R, El Mourouj, Tunisia;P669+X2R، المروج، تونس;36.7124807;10.2175124;4.2;9.0;+216 75 750 068;;establishment, mosque, place_of_worship, point_of_interest;Monday: 5:00 AM – 7:00 PM, Tuesday: 5:00 AM – 7:00 PM, Wednesday: 5:00 AM – 7:00 PM, Thursday: 5:00 AM – 7:00 PM, Friday: 5:00 AM – 7:00 PM, Saturday: Closed, Sunday: Closed;jm-ftm-lzhr-blmrwj-ben-arous-2074-tunisia;30;13:00;10;10;10;https://cdn.mawaqit.net/images/backend/mosque/3d207ec2-6fb3-4cd5-b530-2044b605063b/mosque/1eec92e5-d71f-66fc-9faf-0a7eba2dd6b3.jpg;P669+X2R, El Mourouj 4;BEN AROUS;2074;12:45
Ben Arous;Mosquée Elghofran جامع الغفران;جامع الغفران;P6WQ+WMC، Rue Mongi Bali، Ez Zahra, Tunisia;P6WQ+WMC، Rue Mongi Bali، الزهراء، تونس;36.7473122;10.2391481;4.3;3.0;;;establishment, mosque, place_of_worship, point_of_interest;;jamii-lghofran-bn-arouss-2063-tunisia;30;48;10;10;15;https://cdn.mawaqit.net/images/backend/mosque/15192ab9-f15b-4176-a9e4-d73cb8b18794/mosque/1ef0334b-93c5-6492-b079-0a382b7256a1.jpg;، Rue Mongi Bali, Ben Arous;بن عروس;2063;12:45
Ben Arous;Masjid Bouyahya;جامع سيدي بويحي;Q78F+6FV, Rades, Tunisia;Q78F+6FV، رادس، تونس;36.7656057;10.2736678;4.5;2.0;;;establishment, mosque, place_of_worship, point_of_interest;;jamii-sidi-bnour-rades-2040-tunisia;30;12:45;10;10;10;https://cdn.mawaqit.net/images/backend/mosque/eef1a2d4-dcaf-4499-acd2-6d97c13c18ea/mosque/1eef01cd-4f95-6bf6-a9c4-0621eb7171ad.jpg;Q78C+8V3, Radès;رادس;2040;12:45
Ben Arous;Mosquée du Calife Omar Ibn khattab;جامع الخليفة عمر بن الخطاب;P6M3+952, El Mourouj, Tunisia;P6M3+952، المروج، تونس;36.7333793;10.2028758;4.2;6.0;;;establishment, mosque, place_of_worship, point_of_interest;;jamii-omar-bn-lkhattab-bn-arouss-2074-tunisia;35;12:45;13;10;10;https://cdn.mawaqit.net/images/backend/mosque/6c18043a-1015-4a90-9230-8fd48e2037cc/mosque/1eea8eb7-c7f8-6c0c-be88-066ed47a7584.jpg;34 شارع المنجي سليم;بن عروس;2074;13:00
Manouba;Manouba Ma'mur Mosque;جامع منوبة المعمور;جامع منوبة المعمور، Manubah 2010, Tunisia;جامع منوبة المعمور، منوبة 2010، تونس;36.808589;10.0916236;4.5;17.0;;;establishment, mosque, place_of_worship, point_of_interest;Monday: 4:00 AM – 9:30 PM, Tuesday: 4:00 AM – 9:30 PM, Wednesday: 4:00 AM – 9:30 PM, Thursday: 4:00 AM – 9:30 PM, Friday: 4:00 AM – 9:30 PM, Saturday: 4:00 AM – 9:30 PM, Sunday: 4:00 AM – 9:30 PM;jm-mnwb-lm-mwr-manouba-2010-tunisia;30;15:30;10;10;10;https://cdn.mawaqit.net/images/backend/mosque/5b1c5396-33a6-41c1-b5a9-29080072f480/mosque/1eea8e3c-0aa1-677e-afcb-066ed47a7584.jpg;Avenue farhat hached;Manouba;2010;15:30
Manouba;مسجد سبحان الله منوبة;مسجد سبحان الله منوبة;Ecole Primaire Sidi Amor, Manouba 2010, Tunisia;Ecole Primaire Sidi Amor, Manouba 2010، تونس;36.8034573;10.0912049;4.6;11.0;;;establishment, mosque, place_of_worship, point_of_interest;;masjid-soubhan-lah-manouba-2010-tunisia;30;12:50;10;10;10;https://cdn.mawaqit.net/images/backend/mosque/13715bd8-d332-440e-a416-4845a740c439/mosque/1ef55ad5-167d-6a28-8109-0a97492a3fc9.jpg;منوبة;منوبة;2010;12:50
Manouba;جامع ضيوف الرحمان;جامع ضيوف الرحمان;R472+XWV, نهج الشغالين, Manouba, Tunisia;R472+XWV, نهج الشغالين, Manouba, تونس;36.8149887;10.1022848;5.0;3.0;+216 25 085 997;;establishment, mosque, place_of_worship, point_of_interest;;masjid-doyouf-errahmane-manouba-2010-tunisia;25;13:00;10;7;10;https://cdn.mawaqit.net/images/backend/mosque/4d2073d9-fdc0-4846-aa40-6c7be62e17b1/mosque/1eea8e19-50e3-6b7e-9edc-066ed47a7584.jpg;Avenue des travailleur;Manouba;2010;13:00
Manouba;Mosquée Al Hamd;جامع الحمد;Délégation de, Manouba 2010, Tunisia;Délégation de, Manouba 2010، تونس;36.8182051;10.0796447;4.3;10.0;;;establishment, mosque, place_of_worship, point_of_interest;;jamii-lhamd-manouba-2010-tunisia;30;13:00;10;10;10;https://cdn.mawaqit.net/images/backend/mosque/adef3c99-6b47-4e57-949d-059c21aa726d/mosque/1eea8ed0-ee49-6e1a-9184-066ed47a7584.jpg;حي البرتقال;منوبة;2010;13:00
Manouba;جامع الخليفة سيدنا عثمان بن عفان;جامع الخليفة سيدنا عثمان بن عفان;R448+864, rue bayerem ettounsi, Denden, Tunisia;R448+864, rue bayerem ettounsi, Denden, تونس;36.8057544;10.1155935;5.0;3.0;;;establishment, mosque, place_of_worship, point_of_interest;;mosquee-othmen-ibnou-aafen-denden-denden-2011-tunisia;30;13:00;10;10;10;https://cdn.mawaqit.net/images/backend/mosque/10b3a617-77d4-4169-b16e-cca931ab3106/mosque/1ef1adf5-6816-6b36-ac11-0aca279fa1dd.jpg;rue elkhanssaa;DENDEN;2011;13:00
Manouba;Kasbah Mosque;جامع القصبة;2 Rue du 2 Mars 1934, Tunis 1000, Tunisia;2 Rue du 2 Mars 1934, Tunis 1000، تونس;36.7965854;10.1676911;4.6;111.0;+216 71 566 962;;establishment, mosque, place_of_worship, point_of_interest, tourist_attraction;;jamii-lqasba-tunis-1008-tunisia;20;10;10;8;10;https://cdn.mawaqit.net/images/backend/mosque/52171941-63a8-42dd-8ff3-c9e11863667a/mosque/1ef60893-3851-6d04-bcdf-0e4a41cdad45.jpg;شارع باب منارة;تونس;1008;13:00
Manouba;جامع;جامع;R3F5+49, Oued Ellil, Tunisia;R3F5+49، وادي الليل، تونس;36.8228477;10.0583753;;;;;establishment, mosque, place_of_worship, point_of_interest;;jamii-ltaqwa-lqabaa-2021-tunisia;30;13:00;10;10;10;https://cdn.mawaqit.net/images/backend/mosque/df1870f8-7018-440c-82e7-ef762029b2f7/mosque/1eedc8af-e41a-6680-b422-06acfcd1c88a.jpg;شارع المحطة القباعة;منوبة;2021;13:00
Nabeul;Mosquée Abu Bakr al SiddiK;جامع أبو بكر الصديق;CMWR+H53, Route périphérique, Nabeul, Tunisia;CMWR+H53, Route périphérique, Nabeul, تونس;36.4463806;10.6904187;4.9;39.0;;;establishment, mosque, place_of_worship, point_of_interest;Monday: Open 24 hours, Tuesday: Open 24 hours, Wednesday: Open 24 hours, Thursday: Open 24 hours, Friday: Open 24 hours, Saturday: Open 24 hours, Sunday: Open 24 hours;m-abou-bakr-nabeul;25;15:06;10;7;10;;نابل الجديدة AFH;نابل;8000;12:40
Nabeul;جامع الرحمة;جامع الرحمة;21 Rue Béchir Sfar, Nabeul, Tunisia;21 نهج البشير سفر، نابل، تونس;36.4512006;10.7449323;4.7;19.0;;;establishment, mosque, place_of_worship, point_of_interest;;jamii-lrahma-nabeul-8000-tunisia;30;13:00;10;10;10;https://cdn.mawaqit.net/images/backend/mosque/c338ed20-a4b8-4011-a78a-75d357fd17e4/mosque/1eea8e83-b860-615c-a17e-066ed47a7584.jpg;21-23 Rue Béchir Sfar;Nabeul;8000;13:00
Nabeul;جامع الفتح;جامع الفتح;FP6C+FCW, Rue Jamel Abdenaceur, Nabeul, Tunisia;FP6C+FCW, Rue Jamel Abdenaceur, Nabeul, تونس;36.4612327;10.7210729;5.0;4.0;;;establishment, mosque, place_of_worship, point_of_interest;Monday: Open 24 hours, Tuesday: Open 24 hours, Wednesday: Open 24 hours, Thursday: Open 24 hours, Friday: Open 24 hours, Saturday: Open 24 hours, Sunday: Open 24 hours;jm-lfth-nbl-nabeul-8000-tunisia;20;12:50;10;10;10;https://cdn.mawaqit.net/images/backend/mosque/f507e263-f357-409f-b2ab-e6c5ed6a0795/mosque/1f02e88a-8f48-616a-b1d9-0e562460e637.jpg;نابل، Tunisie;NABEUL;8000;12:30
Nabeul;Mosquée Sidi El Fehri;جامع سيدي الفهري;FP8X+FG5, Dar Chaabane Al Fehri 8011, Tunisia;FP8X+FG5، دار شعبان الفهري 8011، تونس;36.4661349;10.7488722;4.4;12.0;;;establishment, mosque, place_of_worship, point_of_interest;Monday: Open 24 hours, Tuesday: Open 24 hours, Wednesday: Open 24 hours, Thursday: Open 24 hours, Friday: Open 24 hours, Saturday: Open 24 hours, Sunday: Open 24 hours;jamii-sidi-chrif-dar-chaabane-al-fehri-8011-tunisia;20;15;10;8;12;https://cdn.mawaqit.net/images/backend/mosque/d5aada15-03d2-4a9a-9198-9b2c2022dbb2/mosque/1eee21a6-6c52-6d82-88a3-0e8ac0184cf1.jpg;Av. de la République1;DAR CHAABANE AL FEHRI;8011;12:35
Nabeul;Mosquée Tarek Ibn Zied;جامع طارق بن زياد;Mosquée Tarek Ibn Zied, Dar Chaabane Al Fehri 8011, Tunisia;جامع طارق بن زياد، دار شعبان الفهري 8011، تونس;36.4657388;10.7516253;4.8;19.0;+216 53 535 119;;establishment, mosque, place_of_worship, point_of_interest;Monday: Open 24 hours, Tuesday: Open 24 hours, Wednesday: Open 24 hours, Thursday: Open 24 hours, Friday: Open 24 hours, Saturday: Open 24 hours, Sunday: Open 24 hours;jamii-tariq-bn-zyad-dar-shaaban-lfihry-8011-tunisia;20;12:50;10;10;15;https://cdn.mawaqit.net/images/backend/mosque/5d216a54-5285-4d0f-8eae-9bb60031f045/mosque/1eea8e4a-7f89-6830-97c3-066ed47a7584.jpg;نهج طارق بن زياد;دار-شعبان-الفهري;8011;12:40
Zaghouan;Ain Zaghouan Mosque;جامع الإخلاص عين زغوان;V72M+RG9 Mosquée Ain Zaghouan, Avenue Habib Bourguiba, Tunis, Tunisia;V72M+RG9 Mosquée Ain Zaghouan, Avenue Habib Bourguiba, Tunis, تونس;36.8560833;10.2821101;4.7;94.0;+216 55 248 489;;establishment, mosque, place_of_worship, point_of_interest;Monday: Open 24 hours, Tuesday: Open 24 hours, Wednesday: Open 24 hours, Thursday: Open 24 hours, Friday: Open 24 hours, Saturday: Open 24 hours, Sunday: Open 24 hours;jamii-lkhlass-ain-zaghouan-tunis-2045-tunisia;20;0;10;10;10;https://cdn.mawaqit.net/images/backend/mosque/a8c77256-3439-47ca-a153-ad7be485987e/mosque/1efcb6f7-5325-6b08-9ca6-06bada7b305f.jpg;عين زغوان;تونس;2045;15:00
Zaghouan;جامع الغفران;جامع الغفران;C46P+P8F, Zaghouan, Tunisia;C46P+P8F، زغوان، تونس;36.4118104;10.1357978;5.0;2.0;;;establishment, mosque, place_of_worship, point_of_interest;;jm-lgfrn-zgwn-1100-tunisia;25;15;10;7;10;https://cdn.mawaqit.net/images/backend/mosque/e089fc98-65cb-4fbf-a084-987cb1843c74/mosque/1eea8da6-32d1-6226-a399-066ed47a7584.jpg;حي العرائس, زغوان;زغوان;1100;12:13
Bizerte;الجامع الكبير;الجامع الكبير;7VHF+4P8 Le vieux port, Bizerte, Tunisia;7VHF+4P8 Le vieux port, Bizerte, تونس;37.2777967;9.8743188;4.9;15.0;;;establishment, mosque, place_of_worship, point_of_interest;;jm-lkbyr-bnzrt-7000-tunisia;25;15;15;10;13;https://cdn.mawaqit.net/images/backend/mosque/00b3206a-efc0-4823-ae25-d36f823535a7/mosque/1f001eb2-74f7-6cba-89f2-06bdda781935.jpg;7VHF+4P8 Le vieux port, Bizerte;بنزرت;7000;12:45
Bizerte;Mosquée de Kasbah;جامع القصبة;7VHG+G23, Boulevard de Bizerte, Sfax, Tunisia;7VHG+G23, Boulevard de Bizerte, Sfax, تونس;37.27875170000001;9.875059799999999;4.8;28.0;;;establishment, mosque, place_of_worship, point_of_interest, tourist_attraction;;jamii-lqsiba-benzrt-7000-tunisia;30;15;15;10;15;https://cdn.mawaqit.net/images/backend/mosque/e9ba36e6-1337-4f81-923f-98e5d87ad5a3/mosque/1efe18f6-c455-6db6-9fec-0e61b0058d45.jpeg;بنزرت;بنزرت;7000;12:11
Bizerte;Mosquée Al-Birr;جامع البرّ;7VX5+QM5 North El Malouf, Bizerte, Tunisia;7VX5+QM5 North El Malouf, Bizerte, تونس;37.299399;9.859228;4.7;19.0;;;establishment, mosque, place_of_worship, point_of_interest;;jamii-lbir-bnzert-7053-tunisia;30;18;18;10;15;https://cdn.mawaqit.net/images/backend/mosque/1402c709-173a-4226-8927-c333f6883d3c/mosque/1ef909f4-7545-6084-9951-0e9d077f5bb1.jpg;نهج قرطبة حي المالوف 2;بنزرت;7053;12:30
Bizerte;Ksbia Mosque;مسجد القصيبة;7VHG+6JH El Ksiba, Bizerte, Tunisia;7VHG+6JH El Ksiba, Bizerte, تونس;37.2780626;9.876620899999999;4.9;35.0;;;establishment, mosque, place_of_worship, point_of_interest, tourist_attraction;;jamii-lqsiba-benzrt-7000-tunisia;30;15;15;10;15;https://cdn.mawaqit.net/images/backend/mosque/e9ba36e6-1337-4f81-923f-98e5d87ad5a3/mosque/1efe18f6-c455-6db6-9fec-0e61b0058d45.jpeg;بنزرت;بنزرت;7000;12:11
Bizerte;Mosqué Alrahmah;مسجد الرحمة;7VJ6+2C3, Bizerte, Tunisia;7VJ6+2C3، بَنْزَرْت، تونس;37.2800245;9.8610355;5.0;7.0;;;establishment, mosque, place_of_worship, point_of_interest;;masjid-lrahma-bizerte-7000-tunisia;25;15;15;10;13;https://cdn.mawaqit.net/images/backend/mosque/a7ebb452-7a3d-49d3-8716-9655844c0b63/mosque/1eea8eaf-61c0-6d70-80c6-066ed47a7584.jpg;ظهر الكدية;BIZERTE;7000;12:30
Bizerte;Mosque Sobahan Allah;جامع سبحان الله;Cité al Hana, Bizerte, Tunisia;Cité al Hana, Bizerte, تونس;37.28380629999999;9.8649139;3.9;8.0;+216 54 319 456;;establishment, mosque, place_of_worship, point_of_interest;;sbhn-llh-bnzrt-7000-tunisia;30;15;15;10;15;https://cdn.mawaqit.net/images/backend/mosque/ea721b7f-f8fa-4032-9f07-f72dd0e783e4/mosque/1f02a7b5-4091-6172-b9f4-0e31fcfe1275.jpg;حي الهناء;بنزرت;7000;12:45
Jendouba;جامع النور المروج;جامع النور المروج;FQQP+F85, Jendouba, Tunisia;FQQP+F85، جندوبة، تونس;36.48862889999999;8.7858492;4.7;3.0;;;establishment, mosque, place_of_worship, point_of_interest;;jamii-lnour-jendouba-8100-tunisia;25;10;10;10;10;https://cdn.mawaqit.net/images/backend/mosque/b4a79d46-b99e-4642-80f0-de93f6579f1a/mosque/1ef79e63-780a-6538-8933-0600dbafaeef.jpg;حي النور;جندوبة;8100;13:00
Monastir;جامع التضامن;جامع التضامن;QR9Q+54Q Mosquée, Monastir, Tunisia;QR9Q+54Q Mosquée, Monastir, تونس;35.7679652;10.8378491;4.7;3.0;;;establishment, mosque, place_of_worship, point_of_interest;;jamii-ltadamon-monastir-5000-tunisia;25;13:00;10;10;10;https://cdn.mawaqit.net/images/backend/mosque/14aad615-a1e3-45b3-9ce2-93ac41e987ab/mosque/1eeec5c6-e56d-6356-8c39-0621eb7171ad.jpg;الحي التاسع;المنستير;5000;13:00
Sfax;جامع الإمام اللخمي;جامع الإمام اللخمي;Mosquée Sidi Ellakhmi, Rue Sidi Lakhmi, Sfax, Tunisia;جامع سيدي اللخمي، Rue Sidi Lakhmi, صفاقس، تونس;34.7388431;10.7581244;4.5;43.0;;;establishment, mosque, place_of_worship, point_of_interest;Monday: Open 24 hours, Tuesday: Open 24 hours, Wednesday: Open 24 hours, Thursday: Open 24 hours, Friday: Open 24 hours, Saturday: Open 24 hours, Sunday: Open 24 hours;jamii-sidi-llkhmi-sfax-3000-tunisia;25;15;12;12;12;https://cdn.mawaqit.net/images/backend/mosque/eb91a36f-4b36-47dc-a6a6-a92028ba9b04/mosque/1ef898db-2cb7-65fe-8138-0671c73660c5.jpg;نهج سيدي اللخمي، الناصرية;صفاقس;3000;12:08
Sfax;Mosquée Ettounsi;جامع التونسي;PQX5+P34, Sfax, Tunisia;PQX5+P34، صفاقس، تونس;34.7492621;10.7577168;4.6;10.0;;;establishment, mosque, place_of_worship, point_of_interest;;jm-ltwnsy-sfqs-sfqs-3039-tunisia;33;17;17;13;15;https://cdn.mawaqit.net/images/backend/mosque/a1e55cce-de1b-41d0-9800-abc01fba008d/mosque/1f08a825-7d5d-6f08-90a6-0eebcd1979e1.jpg;طريق القائد محمد كم 1.5 Tunisie ,Sfax;صفاقس;3039;12:08
Sfax;Omar bin Abdul Aziz Mosque;جامع عمر بن عبد العزيز;PPM2+J4M, P14, Sfax, Tunisia;PPM2+J4M, P14, Sfax, تونس;34.7340835;10.7002954;5.0;3.0;;;establishment, mosque, place_of_worship, point_of_interest;Monday: 3:00 AM – 10:00 PM, Tuesday: 3:00 AM – 10:00 PM, Wednesday: 3:00 AM – 10:00 PM, Thursday: 3:00 AM – 10:00 PM, Friday: 3:00 AM – 10:00 PM, Saturday: 3:00 AM – 10:00 PM, Sunday: 3:00 AM – 10:00 PM;jm-mr-bn-bd-l-zyz-sfqs-sfax-3064-tunisia;28;23;18;13;18;https://cdn.mawaqit.net/images/backend/mosque/8a9847a8-eda5-43c9-adea-256abafdeaf2/mosque/1f04a1c3-7300-6464-a238-0e5961e1fdbb.jpg;طريق المطار كم 4.5 ، Sfax, تونس;SFAX;3064;12:08
Sfax;Mosquée Atouka;جامع التقى;PPCC+636, Sfax, Tunisia;PPCC+636، صفاقس، تونس;34.7205258;10.7201511;4.6;12.0;;;establishment, mosque, place_of_worship, point_of_interest;;jamii-ltaqwa-sfax-3052-tunisia;30;18;18;13;18;https://cdn.mawaqit.net/images/backend/mosque/a66a6948-492e-4661-ac0e-fbc185d39b86/mosque/1ef90b55-c3b7-6e9e-b4d3-0affcb0701ab.jpg;route de mharza km 3.2  PPCC+636, Sfax;SFAX;3052;12:30
Sfax;Mosqué Essalam;جامع السلام شارع 5 أوت نهج صبرة;PQV6+9W7, Av. 5 août, Sfax, Tunisia;PQV6+9W7, Av. 5 août, Sfax, تونس;34.7434226;10.7623124;5.0;2.0;;;establishment, mosque, place_of_worship, point_of_interest;Monday: Open 24 hours, Tuesday: Open 24 hours, Wednesday: Open 24 hours, Thursday: Open 24 hours, Friday: Open 24 hours, Saturday: Open 24 hours, Sunday: Open 24 hours;jamii-lsalam-sfax-tunisia;30;12;12;10;12;https://cdn.mawaqit.net/images/backend/mosque/6c4a69de-534d-470d-ae79-215b14b7bcd7/mosque/1efb23b4-c4c3-6c92-8059-0a0389a4e0f5.jpg;شارع 5 أوت، نهج صبرة;صفاقس;0;12:09
Sfax;Radwan mosque;جامع الرضوان;QM9M+JQF, Sfax, Tunisia;QM9M+JQF، صفاقس، تونس;34.7690567;10.6844287;4.3;9.0;;;establishment, mosque, place_of_worship, point_of_interest;;elrrodhwen-sfax-3076-tunisia;28;18;18;13;18;https://cdn.mawaqit.net/images/backend/mosque/45dd82a6-be03-4d5d-9a75-113608a6a8df/mosque/1eeec8fa-645c-68d4-bd1f-0621eb7171ad.jpg;Manzel Chaker Road, km 8;SFAX;3076;12:08
Kasserine;جامع عمار بن الطاهر;جامع عمار بن الطاهر;5RCM+C6Q, شارع الدولاب, Kasserine, Tunisia;5RCM+C6Q, شارع الدولاب, Kasserine, تونس;35.1710812;8.8331052;5.0;3.0;;;establishment, mosque, place_of_worship, point_of_interest;;aamar-bn-ltahr-kasserine-1200-tunisia;30;10;8;6;9;https://cdn.mawaqit.net/images/backend/mosque/08b06dcb-c670-4ca2-aec9-982181d67696/mosque/1ef0872d-1825-693c-9086-06724289ed6b.jpg;1 rue edouleb;KASSERINE;1200;14:00, 14:00
Sidi Bouzid;جامع عباد الرحمان;جامع عباد الرحمان;2FPM+6H6, Sidi Bouzid, Tunisia;2FPM+6H6، سيدي بوزيد، تونس;35.0355273;9.4838981;;;;;establishment, mosque, place_of_worship, point_of_interest;;jamii-lrahma-sidi-bouzid-9100-tunisia;30;15;15;8;10;https://cdn.mawaqit.net/images/backend/mosque/965f3bb8-498c-472f-a5ba-9e7eb8e59f70/mosque/1ef51176-d8d7-69c8-a0ec-0a67bcb0d635.jpg;سيدي بوزيد;سيدي بوزيد;9100;13:00
Medenine;جامع الريان - Al Rayan Mosque;جامع الريان;8FGR+72P, Médenine, Tunisia;8FGR+72P, Médenine, تونس;33.3257213;10.4900814;4.6;5.0;;;establishment, mosque, place_of_worship, point_of_interest;;lrayan-mednin-4100-tunisia;20;13:00;15;7;15;https://cdn.mawaqit.net/images/backend/mosque/4b090bdb-013b-48ff-8944-8b14a69f24fc/mosque/1ef4e958-3eee-6104-8fb0-0a67bcb0d635.jpg;حي الرقي;مدنين;4100;12:45
Medenine;مسجد بلال مدنين Mosquée Bilal Medenine;مسجد بلال مدنين;8FHH+W9G, Medenine, Tunisia;8FHH+W9G، مدنين، تونس;33.329822;10.4784659;4.7;9.0;;;establishment, mosque, place_of_worship, point_of_interest;;jamii-bilal-mednin-4127-tunisia;20;15;15;7;15;https://cdn.mawaqit.net/images/backend/mosque/e795d0f3-d9b0-4e24-8263-d6702192b578/mosque/1efe0bc8-7671-6e1e-b241-063aa5df5c67.jpg;تقسيم بوعظلة;مدنين;4127;12:45
Medenine;جامع أبو بكر الصّدّيق;جامع أبو بكر الصّدّيق;حيّ سيدي بوبكر طريق حسّي ضيف الله مدنين الجنوبيّة, 8GPF+GGH, Médenine, Tunisia;حيّ سيدي بوبكر طريق حسّي ضيف الله مدنين الجنوبيّة, 8GPF+GGH, Médenine, تونس;33.3363104;10.5238666;3.7;3.0;;;establishment, mosque, place_of_worship, point_of_interest;;abou-bakr-lsidiq-mednine-4100-tunisia;20;13:00;15;5;15;https://cdn.mawaqit.net/images/backend/mosque/5ef90ae6-71aa-4cfa-aa0f-c9cd6d6ca3db/mosque/1efd3414-1fa4-694c-ba6c-0ac178b258e1.jpg;طريق حسي ضيف الله;مدنين;4100;13:00
Medenine;مسجد الأنصار;مسجد الأنصار;8FXJ+6V6، نهج قريش، Médenine 4100, Tunisia;8FXJ+6V6، نهج قريش، مدنين 4100، تونس;33.3480278;10.4821308;;;;;establishment, mosque, place_of_worship, point_of_interest;;jamii-lansar-mednin-4100-tunisia;20;15;12;7;15;https://cdn.mawaqit.net/images/backend/mosque/b279a5e1-af8a-4854-a9ce-86efa0dda0f2/mosque/1ef43adb-0427-6c04-8eba-06813c7b3fcb.jpg;نهج قريش;مدنين;4100;13:00
Medenine;Mosque Citee Ennassim;جامع حي النسيم;8GW2+FGC, Medenine, Tunisia;8GW2+FGC، مدنين، تونس;33.3461781;10.5012676;5.0;3.0;;;establishment, mosque, place_of_worship, point_of_interest;;jm-nassim-mednine;20;15;15;10;15;;حي النسيم;مدنين;4100;12:45
Tataouine;Bilal Mosque;جامع بلال;WFR3+8H4, Tataouine, Tunisia;WFR3+8H4، تطاوين، تونس;32.940767;10.4539578;4.2;12.0;;;establishment, mosque, place_of_worship, point_of_interest;Monday: Open 24 hours, Tuesday: Open 24 hours, Wednesday: Open 24 hours, Thursday: Open 24 hours, Friday: Open 24 hours, Saturday: Open 24 hours, Sunday: Open 24 hours;jamii-bilal-titawin-3200-tunisia-1;20;13:00;16;7;15;https://cdn.mawaqit.net/images/backend/mosque/a097c32a-ac4b-47af-a961-1b0077fa7461/mosque/1eea8e88-3aa2-65da-956d-066ed47a7584.jpg;معتمدية تطاوين الشمالية;تطاوين;3200;12:45
Tataouine;Mosquée El Atik;جامع تطاوين العتيق;WCGX+PW3, Tataouine, Tunisia;WCGX+PW3، تطاوين، تونس;32.9267589;10.4497817;4.6;22.0;;;establishment, mosque, place_of_worship, point_of_interest;;jm-l-tyq-ttwyn-tataouine-tataouine-tunisia;20;13:00;15;8;15;https://cdn.mawaqit.net/images/backend/mosque/b117c0b0-fb9b-4d14-a037-876130a9c811/mosque/1eea8ec3-6f33-69e4-867f-066ed47a7584.jpg;WCGX+PW3, Tataouine, Tunisie;TATAOUINE;Tataouine;13:00
Tataouine;جامع حذيفة بن اليمان;جامع حذيفة بن اليمان;المخنق, WFC2+C9J, Tataouine, Tunisia;المخنق, WFC2+C9J, Tataouine, تونس;32.9210902;10.4508956;;;;;establishment, mosque, place_of_worship, point_of_interest;Monday: Open 24 hours, Tuesday: Open 24 hours, Wednesday: Open 24 hours, Thursday: Open 24 hours, Friday: Open 24 hours, Saturday: Open 24 hours, Sunday: Open 24 hours;jamii-lrayan-tataouine-3200-tunisia;17;13:00;15;8;15;https://cdn.mawaqit.net/images/backend/mosque/8e60037e-7b21-45e9-957f-640f46d4b090/mosque/1eed0186-f081-6c34-a031-0a7eba2dd6b3.jpg;حي المهرجان;تطاوين;3200;12:45
Tataouine;جامع الرحمة;جامع الرحمة;WC6H+892, Unnamed Road, Tataouine, Tunisia;WC6H+892, Unnamed Road, Tataouine, تونس;32.9107514;10.4283846;3.7;3.0;;;establishment, mosque, place_of_worship, point_of_interest;;jamia-errahma-tetouan-3293-tunisia;20;13:00;15;7;15;https://cdn.mawaqit.net/images/backend/mosque/c10cee90-0460-4f92-a15f-db2a794e8c32/mosque/1eea8ea7-8093-6b1a-b65d-066ed47a7584.jpg;الرقبة تطاوين;تطاوين;3293;12:45
Tataouine;مسجد مصعب بن عمير حي النور;مسجد مصعب بن عمير حي النور;WFC5+7J, Tataouine, Tunisia;WFC5+7J، تطاوين، تونس;32.9208007;10.4592291;5.0;3.0;;https://mawaqit.net/ar/m/mossab-bn-omayr-titawin-3200-tunisia;establishment, mosque, place_of_worship, point_of_interest;Monday: Open 24 hours, Tuesday: Open 24 hours, Wednesday: Open 24 hours, Thursday: Open 24 hours, Friday: Open 24 hours, Saturday: Open 24 hours, Sunday: Open 24 hours;mossab-bn-omayr-titawin-3200-tunisia;20;13:00;15;8;20;https://cdn.mawaqit.net/images/backend/mosque/debbc3fe-b604-4ad5-810e-889699688f23/mosque/1eea8e51-b069-6ea8-94ea-066ed47a7584.jpg;حي النور طريق زمور;تطاوين;3200;12:45
Tataouine;Mosquée Ksar Mguebla;جامع قصر المقابلة;WCGH+45H, Tataouine, Tunisia;WCGH+45H، تطاوين، تونس;32.9253123;10.4279767;4.4;7.0;;;establishment, mosque, place_of_worship, point_of_interest;;mosque-ksar-meguebla-tataouine-3321-tunisia;20;12:45;15;8;15;https://cdn.mawaqit.net/images/backend/mosque/b67a3285-c64e-476e-bd94-62beb51e763f/mosque/1ef0a36e-1c15-67ce-a63d-0e8f4a8ce035.jpg;قصر المقابلة;TATAOUINE;3321;12:45
Gafsa;مسجد الرحمة;مسجد الرحمة;CQJF+FXH، Rue El Amine Bey، Gafsa, Tunisia;CQJF+FXH، Rue El Amine Bey، قفصة، تونس;34.4311771;8.774970099999999;5.0;1.0;;;establishment, mosque, place_of_worship, point_of_interest;;msjd-lnwr-qfs-2100-tunisia;20;10;10;7;10;https://cdn.mawaqit.net/images/backend/mosque/543bbd8b-af1f-4f8f-84ab-da3db4b1922f/mosque/1f00c157-9dd5-64aa-89fb-0e4fa23cf9cb.jpg;قصر;قفصة;2100;12:15
